sex (M=1/F=0);age;P_s101us (Presen1=1/0use=0);Mother_edu;Father_edu;guardian;schoolsup(Y=1/N=0);famsup(Y=1/N=0);paid(Y=1/N=0);activities(Y=1/N=0);nursery(Y=1/N=0);higher(Y=1/N=0);internet(Y=1/N=0);romantic(Y=1/N=0);famrel;freetime;goout;Dalc;Walc;health;G3;S_Type
0;18;0;4;4;mother;1;0;0;0;1;1;0;0;4;3;4;1;1;3;6;Bad
0;17;1;1;1;father;0;1;0;0;0;1;1;0;5;3;3;1;1;3;6;Bad
0;15;1;1;1;mother;1;0;1;0;1;1;1;0;4;3;2;2;3;3;10;Bad
0;15;1;4;2;mother;0;1;1;1;1;1;1;1;3;2;2;1;1;5;15;Good
0;16;1;3;3;father;0;1;1;0;1;1;0;0;4;3;2;1;2;5;10;Bad
1;16;1;4;3;mother;0;1;1;1;1;1;1;0;5;4;2;1;2;5;15;Good
1;16;1;2;2;mother;0;0;0;0;1;1;1;0;4;4;4;1;1;3;11;Good
0;17;0;4;4;mother;1;1;0;0;1;1;0;0;4;1;4;1;1;1;6;Bad
1;15;0;3;2;mother;0;1;1;0;1;1;1;0;4;2;2;1;1;1;19;Good
1;15;1;3;4;mother;0;1;1;1;1;1;1;0;5;5;1;1;1;5;15;Good
0;15;1;4;4;mother;0;1;1;0;1;1;1;0;3;3;3;1;2;2;9;Bad
0;15;1;2;1;father;0;1;0;1;1;1;1;0;5;2;2;1;1;4;12;Good
1;15;1;4;4;father;0;1;1;1;1;1;1;0;4;3;3;1;3;5;14;Good
1;15;1;4;3;mother;0;1;1;0;1;1;1;0;5;4;3;1;2;3;11;Good
1;15;0;2;2;other;0;1;0;0;1;1;1;1;4;5;2;1;1;3;16;Good
0;16;1;4;4;mother;0;1;0;0;1;1;1;0;4;4;4;1;2;2;14;Good
0;16;1;4;4;mother;0;1;1;1;1;1;1;0;3;2;3;1;2;2;14;Good
0;16;1;3;3;mother;1;1;0;1;1;1;0;0;5;3;2;1;1;4;10;Bad
1;17;1;3;2;mother;0;1;0;1;1;1;1;0;5;5;5;2;4;5;5;Bad
1;16;1;4;3;father;0;0;1;1;1;1;1;0;3;1;3;1;3;5;10;Bad
1;15;1;4;3;mother;0;0;0;0;1;1;1;0;4;4;1;1;1;1;15;Good
1;15;1;4;4;father;0;1;1;0;1;1;1;0;5;4;2;1;1;5;15;Good
1;16;1;4;2;mother;0;0;0;1;1;1;1;0;4;5;1;1;3;5;16;Good
1;16;1;2;2;mother;0;1;0;1;1;1;1;0;5;4;4;2;4;5;12;Good
0;15;1;2;4;mother;1;1;1;1;1;1;1;0;4;3;2;1;1;5;8;Bad
0;16;1;2;2;mother;0;1;1;0;0;1;1;0;1;2;2;1;3;5;8;Bad
1;15;1;2;2;mother;0;1;1;0;1;1;1;0;4;2;2;1;2;5;11;Good
1;15;1;4;2;mother;0;0;1;0;1;1;1;0;2;2;4;2;4;1;15;Good
1;16;0;3;4;mother;1;1;0;1;1;1;1;0;5;3;3;1;1;5;11;Good
1;16;1;4;4;mother;0;1;1;1;1;1;1;1;4;4;5;5;5;5;11;Good
1;15;1;4;4;mother;0;1;1;0;0;1;1;0;5;4;2;3;4;5;12;Good
1;15;1;4;4;mother;0;1;0;1;1;1;1;0;4;3;1;1;1;5;17;Good
1;15;1;4;3;mother;0;1;0;1;1;1;1;1;4;5;2;1;1;5;16;Good
1;15;1;3;3;mother;0;0;0;1;0;1;1;0;5;3;2;1;1;2;12;Good
1;16;1;3;2;mother;0;1;1;0;0;1;1;0;5;4;3;1;1;5;15;Good
0;15;1;2;3;father;0;1;0;1;1;1;0;0;3;5;1;1;1;5;6;Bad
1;15;1;4;3;mother;0;1;0;1;1;1;1;0;5;4;3;1;1;4;18;Good
1;16;0;4;4;mother;0;1;0;1;1;1;1;1;2;4;3;1;1;5;15;Good
0;15;1;3;4;mother;1;1;1;1;1;1;1;0;4;3;2;1;1;5;11;Good
0;15;1;2;2;mother;1;1;1;1;1;1;0;0;4;3;1;1;1;2;13;Good
0;16;1;2;2;mother;0;1;0;1;0;1;1;1;3;3;3;1;2;3;11;Good
1;15;1;4;4;other;0;1;0;0;0;1;1;1;5;4;3;2;4;5;12;Good
1;15;1;4;4;father;0;1;0;1;1;1;1;0;4;3;3;1;1;5;18;Good
1;15;1;2;2;father;1;1;0;0;1;1;1;0;5;4;1;1;1;1;11;Good
0;16;1;2;2;father;1;0;0;1;1;1;1;0;4;3;3;2;2;5;9;Bad
0;15;0;4;3;mother;1;1;1;1;1;1;1;1;5;2;2;1;1;5;6;Bad
0;16;0;3;3;mother;0;1;0;0;1;1;1;0;2;3;5;1;4;3;11;Good
1;16;1;4;3;mother;0;0;0;1;1;1;1;0;4;2;2;1;1;2;20;Good
1;15;1;4;2;mother;0;1;1;0;1;1;0;0;4;3;3;2;2;5;14;Good
0;15;1;4;4;father;1;1;0;1;0;1;1;0;4;4;4;1;1;3;7;Bad
0;16;1;2;2;mother;0;1;1;0;1;1;1;0;4;3;3;2;3;4;13;Good
0;15;1;4;2;mother;0;1;1;0;1;1;1;0;4;3;3;1;1;5;13;Good
1;15;0;4;2;father;0;0;0;0;1;1;0;0;5;5;5;3;4;5;10;Bad
0;15;1;4;4;mother;1;1;1;0;1;1;1;0;3;3;4;2;3;5;11;Good
0;15;0;3;3;mother;0;0;1;0;1;1;1;0;5;3;4;4;4;1;13;Good
0;16;0;2;1;mother;0;0;1;1;1;1;1;1;5;3;4;1;1;2;10;Bad
0;15;0;4;3;mother;0;1;1;1;1;1;1;0;4;3;2;1;1;1;15;Good
1;15;1;4;4;mother;0;1;0;1;1;1;0;0;3;2;2;1;1;5;15;Good
1;15;1;1;2;father;1;1;0;1;1;1;1;0;4;3;2;1;1;5;9;Bad
0;16;1;4;2;mother;0;1;0;0;1;1;1;0;4;2;3;1;1;5;16;Good
0;16;1;4;4;mother;0;1;0;1;1;1;0;0;2;4;4;2;3;4;11;Good
0;16;1;1;1;father;1;1;0;1;0;1;1;1;5;5;5;5;5;5;11;Good
0;16;1;1;2;father;1;0;0;1;1;1;1;0;4;4;3;1;1;1;9;Bad
0;16;1;4;3;mother;1;1;1;1;1;1;1;0;3;4;4;2;4;4;9;Bad
0;15;1;4;3;father;1;0;0;1;1;1;1;1;4;4;4;2;4;2;10;Bad
0;16;1;4;3;mother;0;1;0;1;1;1;1;0;5;4;3;1;2;1;15;Good
1;15;0;4;4;mother;0;1;0;1;0;1;1;1;1;3;3;5;5;3;12;Good
0;16;1;3;1;mother;1;1;1;0;1;1;1;0;4;3;3;1;2;5;6;Bad
0;15;1;2;2;mother;1;1;1;0;1;1;1;0;4;1;3;1;3;4;8;Bad
0;15;1;3;1;father;0;1;0;0;0;1;1;0;4;4;2;2;3;3;16;Good
1;16;1;3;1;father;0;1;1;0;1;1;1;0;4;3;2;1;1;5;15;Good
1;15;1;4;2;mother;0;0;0;0;1;1;1;0;3;3;3;1;1;3;10;Bad
0;15;1;1;1;mother;1;1;0;0;0;1;1;1;3;3;4;2;4;5;5;Bad
1;16;1;3;1;mother;0;0;0;1;1;1;0;0;5;3;2;2;2;5;14;Good
0;16;1;3;3;mother;1;1;1;1;1;1;1;0;4;3;3;2;4;5;11;Good
1;15;1;4;3;mother;0;1;1;1;1;1;1;0;4;3;3;2;3;5;10;Bad
1;15;1;4;0;mother;0;0;0;1;1;1;1;0;3;4;3;1;1;1;10;Bad
0;16;1;2;2;mother;0;0;1;0;1;1;1;1;5;2;3;1;3;3;11;Good
1;17;1;2;1;mother;1;1;0;1;1;0;1;0;4;5;1;1;1;3;10;Bad
0;16;1;3;4;mother;0;1;0;0;1;1;1;0;2;4;3;1;2;3;5;Bad
1;15;1;2;3;father;1;1;1;1;0;1;1;1;3;2;2;1;3;3;12;Good
1;15;1;2;3;mother;1;0;1;0;0;1;1;0;5;3;2;1;2;5;11;Good
0;15;1;3;2;mother;0;1;1;0;1;1;1;0;4;4;4;1;1;5;6;Bad
1;15;1;2;2;mother;0;0;1;1;1;1;1;0;5;3;3;1;3;4;15;Good
0;15;1;1;1;father;0;1;0;1;0;1;1;0;4;3;2;2;3;4;10;Bad
0;15;1;4;4;father;0;0;1;0;1;1;1;1;4;4;4;2;3;5;8;Bad
0;16;1;2;2;mother;0;1;0;0;1;1;0;0;4;3;4;1;2;2;6;Bad
0;15;1;4;2;mother;0;1;0;1;1;1;1;0;5;3;3;1;3;1;14;Good
1;16;1;2;2;father;0;0;1;1;0;1;1;0;4;4;2;1;1;3;10;Bad
1;16;0;4;4;mother;0;1;0;0;1;1;0;0;4;1;3;3;5;5;7;Bad
0;16;1;3;3;mother;0;1;1;0;1;1;1;1;4;3;3;1;3;4;8;Bad
0;15;1;4;3;mother;0;0;1;1;1;1;1;0;4;5;5;1;3;1;18;Good
0;16;1;3;1;father;1;1;0;0;1;1;0;0;3;3;3;2;3;2;6;Bad
0;16;1;4;2;mother;0;1;1;1;1;1;1;0;5;3;3;1;1;1;10;Bad
1;15;1;2;2;mother;0;1;0;1;1;1;1;0;4;3;4;1;1;4;14;Good
0;15;1;1;1;mother;1;1;1;1;1;1;1;0;3;1;2;1;1;1;10;Bad
1;16;1;4;3;mother;1;1;0;1;0;1;1;0;3;3;3;1;1;4;15;Good
0;16;1;2;1;mother;0;1;1;0;1;1;0;1;4;3;5;1;1;5;10;Bad
0;16;1;4;4;mother;0;0;0;1;0;1;1;0;5;3;4;1;2;1;14;Good
0;16;1;4;3;mother;1;1;1;0;1;1;1;0;5;3;5;1;1;3;8;Bad
1;16;1;4;4;mother;1;1;1;1;1;1;1;0;4;5;5;5;5;4;5;Bad
1;16;1;4;4;father;0;1;0;1;1;1;1;1;4;4;3;1;1;4;17;Good
1;15;1;4;4;mother;0;1;0;1;0;1;1;0;5;3;3;1;1;5;14;Good
0;15;1;3;2;mother;1;1;1;0;1;1;1;0;4;3;5;1;1;2;6;Bad
1;15;0;3;4;mother;0;1;1;1;1;1;1;0;5;4;4;1;1;1;18;Good
0;15;0;3;3;father;1;0;0;0;1;1;0;0;4;3;3;1;1;4;11;Good
0;15;1;2;2;mother;1;1;1;0;1;1;1;0;5;1;2;1;1;3;8;Bad
1;16;1;3;3;father;0;1;0;1;1;1;1;0;5;3;3;1;1;5;18;Good
1;15;1;4;4;father;0;1;1;1;1;1;1;1;1;3;5;3;5;1;13;Good
0;16;1;4;4;mother;0;1;1;1;1;1;1;1;5;4;5;1;1;4;16;Good
1;15;0;4;4;mother;0;0;0;1;1;1;1;0;5;5;3;1;1;4;19;Good
0;16;1;3;3;father;1;1;0;1;1;1;1;0;4;1;2;1;1;2;10;Bad
0;16;1;2;2;mother;1;0;0;1;1;1;1;0;3;1;2;1;1;5;13;Good
1;15;1;4;2;mother;0;0;0;0;1;1;1;0;3;5;2;1;1;3;19;Good
1;15;1;2;1;mother;0;0;0;1;1;1;1;1;5;4;2;1;1;5;9;Bad
1;16;1;4;4;father;0;1;0;1;1;1;1;0;5;4;4;1;2;5;16;Good
1;15;1;4;4;father;0;1;0;1;1;1;0;0;4;4;3;1;1;2;14;Good
1;16;1;3;3;father;0;0;0;1;1;1;1;0;5;4;2;1;1;5;13;Good
1;17;1;1;3;father;0;1;0;1;1;1;1;0;5;2;4;1;4;5;8;Bad
1;15;1;3;4;father;0;0;0;0;1;1;1;0;3;4;3;1;2;4;13;Good
0;15;1;1;2;mother;0;0;0;0;0;1;1;0;3;2;3;1;2;1;15;Good
1;15;1;2;2;father;0;1;1;1;1;1;1;0;5;5;4;1;2;5;15;Good
0;16;1;2;4;father;0;1;1;1;1;1;1;1;4;2;2;1;2;5;13;Good
1;16;1;4;4;mother;0;1;0;1;1;1;1;0;3;4;4;1;4;5;13;Good
0;16;1;2;2;mother;0;0;1;0;1;1;1;1;5;4;4;1;1;5;8;Bad
1;15;1;3;4;father;1;0;0;0;1;1;1;0;5;5;5;3;2;5;12;Good
0;15;0;3;4;mother;1;0;0;1;1;1;1;1;5;3;2;1;1;1;11;Good
0;19;1;0;1;other;0;1;0;0;0;0;0;0;3;4;2;1;1;5;9;Bad
1;18;1;2;2;mother;0;1;0;1;1;1;1;0;3;3;3;1;2;4;0;Bad
1;16;1;4;4;mother;0;0;1;1;1;1;1;0;3;5;5;2;5;4;18;Good
0;15;1;3;4;father;0;1;0;0;1;1;1;1;4;2;2;2;2;5;0;Bad
0;15;1;1;1;mother;0;1;0;1;0;1;1;1;4;3;3;1;2;4;0;Bad
0;17;1;2;2;father;0;1;0;0;1;1;1;1;3;4;4;1;3;5;12;Good
0;16;0;3;4;father;0;0;0;0;1;1;1;0;3;2;1;1;4;5;11;Good
1;15;1;3;4;mother;0;1;0;0;1;1;0;1;5;3;3;1;1;5;0;Bad
0;15;1;4;4;mother;0;1;0;1;1;1;1;1;4;3;3;1;1;5;0;Bad
1;17;1;3;4;mother;0;0;0;0;1;1;0;0;5;4;5;2;4;5;0;Bad
0;16;0;3;3;other;0;1;0;1;0;1;1;1;4;3;2;1;1;5;0;Bad
1;16;1;1;1;mother;0;0;0;0;1;1;0;1;4;4;4;1;3;5;12;Good
0;15;1;4;4;mother;0;0;0;1;1;1;1;0;4;3;2;1;1;5;15;Good
1;15;1;4;3;father;1;1;0;0;1;1;1;0;2;2;2;1;1;3;0;Bad
1;16;1;2;2;father;0;1;0;1;1;1;1;0;2;3;3;2;2;2;9;Bad
0;15;1;4;4;mother;0;1;1;1;1;1;1;0;4;2;2;1;1;5;11;Good
0;16;1;1;1;mother;0;0;0;0;1;1;1;0;3;4;4;3;3;1;13;Good
1;17;1;2;1;mother;0;1;0;0;1;1;1;0;5;4;5;1;2;5;0;Bad
0;15;1;1;1;father;0;1;1;0;1;1;1;0;4;4;2;1;2;5;11;Good
0;15;1;3;2;father;0;1;0;0;1;1;1;0;3;3;2;1;1;3;0;Bad
0;15;1;1;2;mother;0;1;1;0;0;1;1;0;4;3;2;1;1;5;11;Good
1;16;1;4;4;mother;0;1;0;0;1;0;1;1;3;3;2;2;1;5;0;Bad
1;15;0;2;1;mother;0;0;0;0;1;1;1;0;4;5;5;2;5;5;10;Bad
1;18;1;1;1;mother;0;0;0;0;1;0;1;1;2;3;5;2;5;4;0;Bad
1;16;1;2;1;mother;0;0;0;1;1;1;0;1;4;4;4;3;5;5;14;Good
0;15;1;3;3;other;0;1;1;1;1;1;1;1;4;2;1;2;3;3;10;Bad
1;19;1;3;2;mother;0;1;0;0;1;0;1;1;4;5;4;1;1;4;0;Bad
0;17;1;4;4;mother;1;1;0;0;1;1;0;1;4;2;1;1;1;4;12;Good
1;15;1;2;3;mother;1;0;1;1;1;1;0;0;4;4;4;1;1;1;8;Bad
1;17;1;1;2;mother;0;0;0;0;1;1;0;0;2;2;2;3;3;5;13;Good
0;18;1;1;1;mother;0;1;0;1;0;1;0;0;5;2;5;1;5;4;10;Bad
1;16;1;2;2;mother;0;0;0;0;0;1;0;0;4;2;2;1;2;3;15;Good
1;16;1;3;3;father;0;1;1;0;1;1;1;1;4;5;5;4;4;5;12;Good
1;17;1;2;1;mother;0;0;0;1;1;0;1;1;3;3;2;2;2;5;0;Bad
1;15;1;3;2;mother;1;1;0;0;1;1;1;1;4;4;4;1;4;3;7;Bad
1;16;1;1;2;mother;0;0;0;1;1;1;0;0;4;4;4;2;4;5;0;Bad
1;17;1;1;3;father;0;0;0;0;1;0;1;0;5;3;3;1;4;2;10;Bad
1;17;1;1;1;mother;0;0;0;1;1;0;0;1;5;3;5;1;5;5;7;Bad
1;16;1;3;2;mother;0;1;0;1;0;0;0;0;4;5;2;1;1;2;12;Good
1;16;1;2;2;father;0;0;0;0;1;0;1;0;4;3;5;2;4;4;10;Bad
0;16;1;4;2;father;0;0;1;0;1;1;1;1;4;2;3;1;1;3;16;Good
0;16;1;2;2;mother;0;1;1;0;0;1;1;0;5;1;5;1;1;4;0;Bad
0;16;1;4;4;mother;0;1;1;0;1;1;1;1;4;4;2;1;1;3;14;Good
1;16;1;3;4;father;0;1;0;1;0;1;1;0;3;4;5;2;4;2;0;Bad
1;16;1;1;0;mother;0;1;1;1;1;1;1;1;4;3;2;1;1;3;16;Good
1;17;1;4;4;mother;0;1;1;1;1;1;1;0;4;4;4;1;3;5;10;Bad
0;16;1;1;3;mother;0;0;0;1;0;1;1;1;4;3;5;1;1;3;0;Bad
0;16;1;3;3;mother;0;1;1;1;1;1;1;0;4;4;5;1;1;4;9;Bad
1;17;1;4;3;mother;0;0;1;1;1;1;1;0;4;4;4;4;4;4;9;Bad
0;16;1;2;2;mother;0;0;1;1;0;1;1;0;3;4;4;1;4;5;11;Good
1;17;1;3;3;father;0;0;0;1;0;1;1;0;4;3;4;1;4;4;6;Bad
1;16;1;4;2;mother;0;1;0;1;1;1;1;1;4;3;3;3;4;3;9;Bad
1;17;1;4;3;mother;0;1;0;1;1;1;1;1;5;2;3;1;1;2;11;Good
1;16;1;4;3;mother;0;1;1;1;1;1;1;0;3;4;3;2;3;3;8;Bad
1;16;1;3;3;mother;0;0;1;1;1;1;1;1;4;2;3;1;2;3;12;Good
0;17;1;2;4;father;0;1;0;1;1;1;0;0;5;4;2;2;3;5;17;Good
0;17;1;3;3;mother;0;1;0;1;1;1;1;1;5;3;3;2;3;1;8;Bad
0;16;1;3;2;mother;0;1;1;0;1;1;1;0;1;2;2;1;2;1;12;Good
1;17;1;3;3;mother;0;1;0;1;1;1;1;1;4;3;4;2;3;4;11;Good
1;16;1;1;2;mother;0;1;1;1;1;1;1;1;3;3;3;1;2;3;11;Good
1;16;1;2;1;mother;0;0;1;1;1;1;1;1;4;2;3;1;2;5;15;Good
0;17;0;3;3;mother;0;1;0;0;0;1;1;1;3;3;3;1;3;3;9;Bad
1;17;1;1;2;mother;0;0;0;0;1;1;0;0;3;1;3;1;5;3;10;Bad
0;16;1;2;3;mother;0;0;0;0;1;1;1;0;4;3;3;1;1;2;13;Good
0;17;1;1;1;mother;0;0;0;1;1;1;1;0;5;3;3;1;1;3;9;Bad
1;17;1;1;2;other;0;0;1;1;0;1;1;0;4;4;4;4;5;5;8;Bad
1;16;1;3;3;mother;0;1;0;1;1;1;1;0;4;3;2;3;4;5;10;Bad
1;16;1;2;3;father;0;0;0;0;1;1;1;0;5;3;3;1;1;3;14;Good
0;17;1;2;4;father;0;0;0;1;1;1;1;1;4;3;2;1;1;5;15;Good
1;17;1;4;4;mother;0;0;0;0;1;1;1;0;5;2;3;1;2;5;16;Good
1;16;1;3;3;father;0;1;1;1;1;1;1;0;3;3;4;3;5;3;10;Bad
0;17;1;4;4;mother;0;1;0;0;1;1;1;0;4;2;4;2;3;2;18;Good
0;16;1;4;4;mother;0;1;1;0;1;1;1;0;4;5;2;1;2;3;10;Bad
0;16;1;4;3;mother;0;1;0;1;1;1;1;0;4;3;5;1;5;2;16;Good
0;16;1;2;3;mother;1;1;1;1;1;1;0;0;4;4;3;1;3;4;10;Bad
0;17;1;1;1;mother;0;1;1;0;0;1;0;0;4;4;4;1;3;1;10;Bad
0;17;1;2;2;mother;0;1;0;0;1;1;1;0;5;3;2;1;2;3;6;Bad
0;16;1;2;2;mother;0;1;1;1;0;1;1;0;5;3;5;1;1;5;11;Good
0;17;1;3;4;mother;0;1;1;0;1;1;1;1;4;4;3;3;4;5;9;Bad
0;16;0;3;1;mother;0;1;1;0;1;1;1;0;2;3;3;2;2;4;7;Bad
0;16;1;4;3;mother;0;0;1;1;1;1;1;1;1;3;2;1;1;1;13;Good
0;16;1;1;1;mother;0;1;1;0;1;1;0;0;4;3;2;1;4;5;10;Bad
0;17;1;4;3;mother;0;1;1;1;1;1;1;1;4;4;2;1;1;4;7;Bad
0;19;1;3;3;other;0;1;1;1;1;1;1;0;4;3;3;1;2;3;8;Bad
1;17;1;4;4;mother;0;1;1;0;1;1;1;1;5;3;5;4;5;3;13;Good
0;16;0;2;2;mother;1;1;1;0;1;1;1;0;3;3;4;1;1;4;14;Good
1;18;1;2;2;mother;0;1;1;1;1;1;1;0;4;4;4;2;4;5;8;Bad
0;17;1;4;4;mother;0;1;1;0;1;1;0;0;5;2;1;1;2;3;10;Bad
0;17;1;3;2;mother;0;0;1;0;1;1;1;0;4;4;4;1;3;1;15;Good
0;17;1;4;3;mother;0;0;1;0;1;1;1;1;3;4;5;2;4;1;4;Bad
1;18;1;3;3;father;0;1;1;0;1;1;1;0;3;2;4;2;4;4;8;Bad
0;17;1;2;3;father;0;1;1;0;1;1;0;0;3;3;3;1;4;3;8;Bad
0;17;1;2;2;mother;0;1;1;1;1;1;1;0;4;3;3;1;1;4;10;Bad
0;17;1;2;1;mother;0;1;0;1;1;1;1;0;4;2;5;1;2;5;6;Bad
0;17;1;1;1;mother;0;1;0;1;1;1;0;1;4;3;4;1;1;5;0;Bad
0;16;1;2;3;mother;1;0;0;0;1;1;1;0;2;3;1;1;1;3;17;Good
1;18;1;2;2;mother;0;1;1;0;1;1;1;0;3;3;3;5;5;4;13;Good
0;16;1;4;4;mother;0;1;0;1;0;1;1;0;5;3;2;1;1;5;14;Good
0;18;1;3;1;mother;0;0;0;1;1;1;1;1;5;3;3;1;1;4;7;Bad
0;17;1;3;2;mother;0;0;0;1;0;1;1;0;5;3;4;1;3;3;15;Good
1;17;1;2;3;father;0;1;1;0;0;1;1;0;5;3;3;1;3;3;12;Good
1;18;1;2;1;mother;1;1;1;1;1;1;1;1;4;3;2;4;5;3;9;Bad
0;17;0;2;1;mother;0;0;0;1;1;1;1;1;3;2;3;1;2;3;12;Good
0;17;1;4;3;father;0;0;0;1;1;1;1;1;3;2;3;1;2;3;14;Good
1;17;1;2;2;father;0;1;1;1;1;1;1;0;4;5;2;1;1;1;11;Good
1;17;1;4;4;mother;1;1;0;1;1;1;1;1;4;5;5;1;3;2;9;Bad
1;16;1;4;4;father;0;1;1;1;1;1;1;0;4;2;4;2;4;1;13;Good
1;16;1;1;1;mother;0;1;1;0;1;1;1;0;3;4;2;1;1;5;6;Bad
1;16;1;3;2;mother;0;0;0;1;1;1;1;1;5;3;3;1;3;2;10;Bad
1;17;1;2;2;father;0;0;1;1;0;1;1;1;4;4;2;5;5;4;13;Good
0;16;1;2;1;mother;0;0;0;0;1;1;1;1;4;5;2;1;1;5;12;Good
0;17;1;2;1;mother;0;0;0;1;1;1;0;0;2;1;1;1;1;3;11;Good
1;18;1;2;2;father;0;0;0;0;1;0;1;0;5;5;4;3;5;2;0;Bad
1;17;1;4;3;mother;0;0;0;1;1;1;1;1;2;5;5;1;4;5;12;Good
1;17;0;4;4;mother;0;1;1;0;1;1;1;0;3;3;3;2;3;4;12;Good
1;16;1;4;3;mother;0;0;0;1;0;1;1;0;5;4;5;1;1;3;0;Bad
1;16;1;4;4;mother;0;0;0;1;1;1;1;0;5;3;2;1;2;5;12;Good
0;18;1;2;1;other;0;1;1;0;0;1;1;1;4;4;4;1;1;3;0;Bad
1;16;1;2;1;mother;0;0;0;0;1;1;1;0;4;3;3;1;1;4;18;Good
1;17;1;2;3;father;0;0;0;0;1;1;1;0;5;2;2;1;1;2;13;Good
1;22;1;3;1;mother;0;0;0;0;0;0;1;1;5;4;5;5;5;1;8;Bad
1;18;1;3;3;mother;0;1;0;0;1;1;1;1;4;3;3;1;3;5;5;Bad
1;16;1;0;2;mother;0;0;1;0;0;1;1;0;4;3;2;2;4;5;15;Good
1;18;1;3;2;mother;0;0;0;0;1;0;1;0;4;4;5;2;4;5;8;Bad
1;16;1;3;3;other;1;1;0;0;0;1;1;0;5;3;3;1;3;2;10;Bad
1;18;1;2;1;mother;0;0;0;0;0;0;1;0;3;2;5;2;5;5;8;Bad
1;16;1;2;1;mother;0;0;0;1;0;1;0;0;3;3;2;1;3;3;8;Bad
1;17;1;2;1;mother;0;0;0;0;0;1;1;0;4;4;2;2;4;5;12;Good
1;17;1;1;1;mother;0;1;0;1;1;1;1;0;4;4;4;1;2;5;8;Bad
0;17;1;4;2;mother;0;1;1;1;1;1;1;0;4;2;3;1;1;4;13;Good
1;19;0;4;3;mother;0;1;0;0;1;1;1;0;4;3;1;1;1;1;11;Good
1;18;1;2;1;mother;0;0;0;1;1;1;1;0;5;2;4;1;2;4;14;Good
0;17;1;2;2;father;0;0;1;1;1;1;1;1;3;4;1;1;1;2;0;Bad
0;18;1;4;3;father;0;1;1;0;1;1;1;1;3;1;2;1;3;2;18;Good
1;18;1;4;3;mother;0;1;1;0;0;1;1;0;4;3;2;1;1;3;8;Bad
1;18;1;3;2;mother;0;0;0;1;0;1;0;0;5;3;2;1;1;3;12;Good
0;17;1;3;3;mother;0;0;0;1;0;1;0;0;3;2;3;1;1;4;9;Bad
0;18;1;2;2;mother;0;1;1;1;1;1;1;1;4;3;3;1;1;3;0;Bad
1;18;0;3;4;mother;0;1;1;1;1;1;1;0;4;2;5;3;4;1;17;Good
1;17;1;3;1;mother;0;0;1;1;1;1;1;1;5;4;4;3;4;5;10;Bad
0;18;1;4;4;mother;0;0;1;1;1;1;1;0;4;3;4;2;2;4;11;Good
1;18;1;4;2;father;0;1;1;1;1;1;1;1;5;4;5;1;3;5;10;Bad
0;18;1;2;1;mother;0;1;0;0;1;0;1;1;4;3;5;1;2;3;0;Bad
0;19;1;3;3;other;0;1;1;1;1;1;1;0;4;3;5;3;3;5;9;Bad
0;18;1;2;3;father;0;1;1;1;1;1;1;1;4;5;5;1;3;2;14;Good
0;18;1;1;1;mother;0;1;1;0;0;1;0;0;4;4;3;1;1;3;11;Good
1;17;1;1;2;mother;0;1;1;1;0;1;0;1;3;5;2;2;2;1;14;Good
0;17;1;2;4;mother;0;1;1;0;1;1;1;1;4;3;3;1;1;1;10;Bad
0;17;1;2;2;mother;1;1;1;0;1;1;1;1;4;4;4;2;3;5;12;Good
0;18;0;3;2;mother;0;0;0;0;0;0;1;1;4;1;1;1;1;5;9;Bad
1;18;1;4;4;mother;0;0;1;1;1;1;1;0;3;2;4;1;4;3;9;Bad
0;18;1;4;4;father;1;1;0;1;1;1;1;1;2;4;4;1;1;4;8;Bad
1;18;1;4;3;mother;0;0;1;1;1;1;1;0;4;2;3;1;2;1;10;Bad
1;17;0;4;1;mother;0;0;1;1;1;1;1;1;4;5;4;2;4;5;8;Bad
1;17;0;3;2;mother;0;0;0;0;1;1;1;0;4;4;4;3;4;3;10;Bad
0;18;1;1;1;mother;0;1;1;1;1;1;0;0;5;2;2;1;1;3;12;Good
0;18;1;1;1;mother;1;0;0;1;1;1;1;0;5;4;4;1;1;4;10;Bad
0;17;1;2;2;mother;0;1;0;0;0;1;1;0;5;4;5;1;2;5;11;Good
1;17;1;1;1;father;0;0;1;0;0;1;1;0;4;3;3;1;2;4;11;Good
0;18;1;2;2;mother;0;1;1;0;1;1;1;0;4;3;3;1;2;2;19;Good
0;17;1;1;1;mother;0;1;1;0;1;1;1;0;4;3;3;1;1;3;12;Good
1;18;1;2;1;mother;0;0;1;1;1;1;1;0;4;2;4;1;3;2;14;Good
1;18;0;4;4;mother;0;1;1;1;1;1;1;0;5;4;3;1;1;2;15;Good
1;18;1;4;2;mother;0;1;1;1;1;1;1;1;4;3;2;1;4;5;11;Good
0;17;1;4;3;mother;0;1;1;0;1;1;1;0;4;2;2;1;2;3;15;Good
0;18;1;2;1;mother;0;0;0;0;1;1;1;1;5;4;3;1;1;5;13;Good
0;17;1;3;1;mother;0;1;1;0;1;1;0;0;3;1;2;1;1;3;18;Good
1;18;1;3;2;mother;0;1;1;1;1;1;1;0;5;4;2;1;1;4;14;Good
1;17;1;3;3;mother;0;1;1;0;1;1;1;0;4;4;3;1;3;5;11;Good
0;19;1;4;4;other;0;1;1;1;1;1;1;0;2;3;4;2;3;2;0;Bad
0;18;1;4;3;other;0;1;1;0;1;1;1;1;4;4;5;1;2;2;8;Bad
0;18;1;4;3;father;0;1;1;0;1;1;1;0;4;3;3;1;1;3;14;Good
1;18;1;4;4;mother;0;1;1;0;1;1;1;1;1;4;2;2;2;1;16;Good
0;18;0;4;4;mother;0;1;0;0;1;1;1;1;4;2;4;1;1;4;11;Good
1;17;1;4;4;father;0;0;1;0;1;1;1;0;4;1;1;2;2;5;10;Bad
0;17;1;4;2;mother;0;1;1;0;1;1;1;0;4;3;3;1;1;3;14;Good
0;17;1;3;2;father;0;1;1;1;0;1;1;0;5;2;2;1;2;5;18;Good
1;19;1;3;3;other;0;1;0;1;1;1;1;1;4;4;4;1;1;3;13;Good
0;18;1;2;4;other;0;1;1;1;1;1;1;0;4;4;3;1;1;3;12;Good
1;20;0;3;2;other;0;0;0;1;1;1;0;0;5;5;3;1;1;5;18;Good
1;19;1;4;4;other;0;1;1;0;1;1;1;1;4;3;4;1;1;4;8;Bad
1;19;1;3;3;father;0;0;0;1;1;1;0;1;4;5;3;1;2;5;12;Good
0;19;1;1;1;other;1;1;0;1;0;1;1;0;4;4;3;1;3;3;10;Bad
0;19;1;1;2;other;0;0;0;1;0;1;0;1;4;2;4;2;2;3;0;Bad
0;19;1;2;1;other;0;1;0;0;1;0;1;1;3;4;1;1;1;2;13;Good
1;19;1;1;2;other;0;0;0;0;0;1;1;0;4;5;2;2;2;4;11;Good
0;19;1;3;2;other;0;1;1;0;0;1;1;1;4;2;2;1;2;1;11;Good
0;19;1;1;1;other;0;0;0;0;0;1;1;1;4;1;2;1;1;3;13;Good
0;19;1;2;3;other;0;0;0;0;1;1;1;1;4;1;2;1;1;3;11;Good
0;18;1;2;1;mother;0;1;1;1;1;1;1;0;5;3;3;1;2;1;0;Bad
0;18;1;4;3;mother;0;1;1;1;1;1;1;1;4;3;4;1;1;5;9;Bad
0;17;1;3;4;father;0;1;1;1;0;1;1;0;4;3;4;2;5;5;10;Bad
0;18;1;4;4;mother;0;1;1;0;1;1;1;0;4;4;4;3;3;5;11;Good
0;17;0;4;3;mother;0;1;1;0;1;1;1;1;5;2;2;1;2;5;13;Good
0;17;1;2;2;mother;0;1;0;0;1;1;0;1;4;2;2;1;1;3;9;Bad
0;17;1;2;2;mother;0;1;1;1;1;1;1;0;3;3;2;2;2;3;11;Good
0;17;1;3;1;father;0;1;0;0;0;1;1;0;3;4;3;2;3;5;15;Good
0;17;1;0;2;father;0;0;0;0;1;1;1;0;3;3;3;2;3;2;15;Good
1;18;1;4;4;mother;0;0;0;1;1;1;1;0;4;3;3;2;2;3;11;Good
1;17;1;3;3;mother;0;0;0;1;0;1;1;0;4;3;5;3;5;5;16;Good
1;17;1;2;2;mother;0;1;0;0;1;1;1;0;4;4;5;5;5;4;10;Bad
0;17;1;4;4;mother;0;1;1;1;1;1;1;0;5;4;4;1;3;4;9;Bad
0;17;1;4;4;mother;0;1;1;0;0;1;1;1;4;3;3;1;2;4;14;Good
1;18;1;2;2;mother;0;1;0;1;1;1;1;0;4;5;5;2;4;5;8;Bad
0;17;1;2;4;father;0;1;0;0;1;1;1;1;4;4;3;1;1;5;14;Good
0;18;1;3;3;mother;0;0;0;1;1;1;1;0;5;3;4;1;1;4;0;Bad
0;18;1;2;2;other;0;0;0;1;0;1;1;1;4;3;3;1;1;2;0;Bad
0;18;1;2;2;mother;0;0;0;1;1;1;0;0;4;4;4;1;1;4;0;Bad
0;17;1;3;4;mother;0;0;0;0;1;1;1;0;4;4;5;1;3;5;15;Good
0;19;0;3;1;other;0;0;1;0;1;1;0;0;5;4;3;1;2;5;13;Good
0;17;1;3;2;mother;0;1;1;0;1;1;1;1;4;3;2;2;3;2;0;Bad
0;18;1;3;3;mother;0;1;0;0;1;1;1;0;5;3;3;1;1;1;17;Good
0;17;0;3;2;mother;0;1;1;0;1;1;1;0;4;3;3;2;3;2;10;Bad
0;19;1;2;1;other;0;0;1;1;1;1;1;1;4;3;4;1;3;3;11;Good
1;18;1;4;4;father;0;1;0;1;1;1;1;0;4;3;3;2;2;2;0;Bad
1;18;1;3;4;mother;0;0;0;1;1;1;1;1;4;3;3;1;3;5;15;Good
0;17;0;2;2;father;0;1;0;0;1;1;1;1;3;3;1;1;2;4;0;Bad
0;18;1;2;3;mother;0;1;0;0;1;1;1;0;4;3;3;1;2;3;10;Bad
0;18;1;3;2;mother;0;0;0;0;1;1;1;1;5;4;3;2;3;1;14;Good
1;18;1;4;3;mother;0;0;0;0;1;1;1;1;5;3;2;1;2;4;16;Good
1;18;1;4;3;mother;0;1;1;0;1;1;1;1;5;4;5;2;3;5;9;Bad
0;17;1;4;3;mother;0;1;1;1;1;1;1;1;4;4;3;1;3;4;15;Good
1;18;1;3;2;mother;0;1;0;0;0;1;1;0;2;5;5;5;5;5;13;Good
1;19;1;1;1;other;0;0;0;0;1;1;1;0;5;4;4;3;3;2;8;Bad
1;17;1;3;3;mother;0;1;1;0;1;1;1;0;4;5;4;2;3;3;13;Good
1;18;1;1;3;mother;0;0;0;0;1;0;1;1;4;3;3;2;3;3;8;Bad
1;19;1;1;1;other;0;1;0;0;1;1;1;0;4;4;4;3;3;5;8;Bad
1;17;1;4;3;mother;0;1;1;1;0;1;1;1;4;5;5;1;3;2;11;Good
0;18;1;3;3;father;0;1;0;0;1;1;0;1;5;3;4;1;1;5;9;Bad
0;17;1;4;4;father;0;1;1;1;1;1;1;0;4;3;3;1;2;5;13;Good
0;17;0;3;2;mother;0;0;0;0;1;1;0;1;1;2;3;1;2;5;11;Good
1;18;1;1;1;father;0;0;0;0;0;1;1;1;3;3;2;1;2;3;10;Bad
0;18;1;1;1;father;0;0;0;0;1;1;1;0;5;3;2;1;1;4;16;Good
0;18;0;1;4;mother;0;0;0;0;1;1;0;1;4;3;4;1;4;5;13;Good
1;18;1;1;1;mother;0;0;0;1;0;0;0;0;4;4;3;2;3;5;12;Good
0;18;1;3;3;mother;0;1;0;0;1;1;1;1;4;3;2;1;3;3;10;Bad
0;17;1;4;4;mother;0;1;1;1;1;1;1;1;2;3;4;1;1;1;15;Good
0;17;1;1;2;father;0;0;0;0;0;1;0;0;3;2;2;1;2;3;12;Good
1;18;1;1;3;mother;0;1;1;0;1;1;0;0;3;3;4;2;4;3;10;Bad
1;18;1;4;4;mother;0;0;1;0;1;1;1;1;4;2;2;2;2;5;13;Good
0;17;1;1;1;mother;0;1;1;0;1;1;1;1;5;2;1;1;2;1;0;Bad
0;18;1;2;3;father;0;1;1;0;1;1;1;1;5;2;3;1;2;4;10;Bad
0;18;1;4;4;father;0;1;1;0;0;1;1;1;3;2;2;4;2;5;11;Good
0;19;1;3;2;other;0;0;0;1;1;1;0;1;3;2;2;1;1;3;9;Bad
1;18;1;1;2;father;0;1;1;1;1;0;1;1;4;3;3;2;3;3;12;Good
0;17;1;2;2;mother;0;0;0;1;1;1;0;1;3;4;3;1;1;3;11;Good
0;17;1;1;2;mother;0;0;0;1;1;1;1;0;3;5;5;1;3;1;5;Bad
0;18;1;4;4;mother;0;0;0;0;1;1;1;0;5;4;4;1;1;1;19;Good
0;18;1;1;1;mother;0;0;0;0;1;1;1;0;4;3;2;1;2;4;10;Bad
0;20;1;4;2;other;0;1;1;0;0;1;1;1;5;4;3;1;1;3;15;Good
0;18;1;4;4;mother;0;0;1;1;1;1;1;0;5;4;3;3;4;2;10;Bad
0;18;1;3;3;mother;0;0;1;0;1;1;1;1;4;1;3;1;2;1;15;Good
0;17;1;3;1;mother;0;1;1;1;0;1;1;0;4;5;4;2;3;1;10;Bad
1;18;1;4;4;father;0;0;1;1;0;1;1;0;3;2;4;1;4;2;14;Good
1;18;1;2;1;mother;0;0;0;1;0;1;1;1;4;4;3;1;3;5;7;Bad
1;17;1;2;3;father;0;0;0;1;1;1;1;0;4;4;3;1;1;3;10;Bad
1;19;1;1;1;mother;0;0;0;0;1;1;0;0;4;3;2;1;3;5;0;Bad
1;18;1;4;2;father;0;0;1;0;1;1;0;0;5;4;3;4;3;3;5;Bad
0;18;1;2;2;mother;0;0;1;0;1;1;0;0;5;3;3;1;3;4;10;Bad
0;18;1;4;4;mother;0;1;1;1;1;1;1;1;4;4;3;2;2;5;6;Bad
0;19;1;2;3;mother;0;0;0;1;0;1;1;0;5;4;2;1;2;5;0;Bad
0;18;1;3;1;mother;0;1;1;0;1;1;1;0;4;3;4;1;1;1;8;Bad
0;18;1;1;1;mother;0;0;0;1;1;1;0;0;1;1;1;1;1;5;0;Bad
1;20;0;2;2;other;0;1;1;0;1;1;0;0;5;5;4;4;5;4;9;Bad
1;17;1;3;1;mother;0;0;0;0;0;1;1;0;2;4;5;3;4;2;16;Good
1;21;1;1;1;other;0;0;0;0;0;1;0;0;5;5;3;3;3;3;7;Bad
1;18;1;3;2;mother;0;0;0;0;0;1;1;0;4;4;1;3;4;5;10;Bad
1;19;1;1;1;father;0;0;0;0;1;1;1;0;3;2;3;3;3;5;9;Bad
